case,frames,ef_truth,full_polar_error,original_cartesian_error,E0_error,E0_lines,E0_switch_rate,E1_error,E1_lines,E1_switch_rate,E1_control_error,E1_minus_control,E2_error,E2_lines,E2_switch_rate,E2_control_error,E2_minus_control
0X171B52ED0054DF49.hdf5,261,59.30533125,2.7443050458635554,2.622276422555103,1.9911508361816388,14.0,0.0,0.3524549830845416,8.195402298850574,0.09266409266409266,0.20365917401994693,0.14879580906459466,2.7157850067138654,18.229885057471265,0.14285714285714285,2.9352279192243316,-0.21944291251046621
0X14017B26554F7A5E.hdf5,188,67.66090264,6.122466174206821,7.913620399874134,7.169281410616321,14.0,0.0,10.331373407550998,8.063829787234043,0.010752688172043012,10.548268616969402,-0.21689520941840357,6.1159277830935395,17.55851063829787,0.1774193548387097,6.515950925590282,-0.4000231424967424
0X40551ED55932933D.hdf5,240,46.90963765,8.037101064118843,5.391998783281998,11.12698384140625,14.0,0.0,10.676657948884468,8.320833333333333,0.07142857142857142,13.180917205100663,-2.5042592562161943,9.831914660404145,20.170833333333334,0.19747899159663865,10.393231810813553,-0.5613171504094083
0X18916084CE523264.hdf5,147,75.894294,5.160523901994978,4.111194416782922,6.109651099260603,14.0,0.0,6.707478465680808,8.040816326530612,0.0,6.707478465680808,0.0,5.065382082449773,18.476190476190474,0.36551724137931035,4.954622892299113,0.11075919015065949
0X22390EC6147E56F5.hdf5,142,63.81835941,0.6977533054671241,1.316724812221679,1.5235545190494761,14.0,0.0,3.828238840135093,8.04225352112676,0.0,3.828238840135093,0.0,0.905375833543296,17.035211267605632,0.02142857142857143,1.4837297153792335,-0.5783538818359375
0X27250C8B6DF1D971.hdf5,164,79.70733085,12.198278573388677,12.042281297082525,12.318443444604497,14.0,0.0,13.593847421044927,8.036585365853659,0.0,13.593847421044927,0.0,13.08724704110108,17.371951219512194,0.18518518518518517,13.238748696679693,-0.15150165557861328
0X18989A4754914D96.hdf5,124,69.22049289,2.0974780584570283,2.81169162046875,2.9965640569921845,14.0,0.0,5.252737000107423,8.048387096774194,0.0,5.252737000107423,0.0,3.2940280462500056,17.10483870967742,0.06557377049180328,3.3440860296484374,-0.050057983398431816
0X17FD9808C073BC07.hdf5,208,69.73449385,0.7845366342862121,2.3348448618252746,0.8549453436967411,14.0,0.0,4.065499640016881,8.129807692307692,0.04854368932038835,5.906395552880866,-1.840895912863985,0.27390522140447615,17.889423076923077,0.21359223300970873,0.48826970671164815,-0.214364485307172
0X1439627ADB475793.hdf5,181,68.28650355,3.519905378342017,3.9034706452691097,4.650085737228736,14.0,0.0,7.0641986760036986,8.099447513812155,0.0223463687150838,6.459579331928175,0.6046193440755232,4.377713385476355,18.044198895027623,0.21787709497206703,5.428921033859595,-1.0512076483832402
0X41744FC51A5EE79B.hdf5,136,54.97358929,5.243321390135094,4.931437463743492,3.815258315387368,14.0,0.0,2.7011982886165384,8.066176470588236,0.014925373134328358,0.7413892459700548,1.9598090426464836,4.649492553058266,17.154411764705884,0.07462686567164178,3.876880299233399,0.7726122538248674
0X126D2362E5A0A3E2.hdf5,167,59.61190092,1.3363982382678188,1.530286425676266,2.971673602189938,14.0,0.0,3.871188754167477,8.25748502994012,0.06060606060606061,4.999686831560055,-1.1284980773925781,2.4341870489977993,17.91616766467066,0.18181818181818182,2.751808280076901,-0.31762123107910156
0X170F2698C1A90A77.hdf5,230,57.28136685,3.2292558103190103,2.219998493729655,1.3556790102905296,14.0,0.0,2.2693654945109003,8.052173913043479,0.017543859649122806,3.1990739753458612,-0.9297084808349609,1.4969931989298502,17.752173913043478,0.11842105263157894,1.637883002498377,-0.14088980356852687
0X18353D8F5AB7B324.hdf5,207,69.83819498,1.0122191804394447,2.101834048603507,1.8669455903515626,14.0,0.0,4.768516482685541,8.028985507246377,0.0,4.768516482685541,0.0,1.990108432148432,17.043478260869566,0.02926829268292683,1.8844390290722686,0.10566940307616335
0X40859A35AFC437FA.hdf5,121,52.12099758,0.21608585505859423,2.3715827545605492,6.695677908369142,14.0,0.0,7.477734335371096,8.223140495867769,0.06722689075630252,8.175675924726562,-0.6979415893554659,2.383261068769535,18.66115702479339,0.4789915966386555,3.4332427582226543,-1.0499816894531193
0X349290B231655FCF.hdf5,113,42.77457225,9.280241653076168,10.969320174804686,10.015906020751949,14.0,0.0,10.546194717041011,8.132743362831858,0.05405405405405406,10.05159175073242,0.4946029663085909,10.70479914819336,17.858407079646017,0.17117117117117117,10.536419555297847,0.16837959289551208
0X3077040EC90D916D.hdf5,167,46.84172613,5.784445589533689,6.339711969843748,7.819796389094236,14.0,0.0,7.584930723658445,8.215568862275449,0.024242424242424242,9.78744680260742,-2.2025160789489746,6.083301847926023,18.802395209580837,0.21818181818181817,5.888294523707273,0.19500732421875
