method,update,case,frames,ef_error,lines,gradient_norm,clipped,seconds,first_max_probability,second_max_probability
E1,1,0X75F76AEBCE051CD1.hdf5,64,3.5236362935302736,14.062500000000002,0.18196897208690643,False,49.70106289535761,0.25125911831855774,0.20165234804153442
E1,2,0X1ABE578AF99E8F3E.hdf5,64,4.635571564526366,14.281250000000002,0.16159315407276154,False,32.785804998129606,0.254595547914505,0.2052960991859436
E1,3,0X476F7A75F09C0B5B.hdf5,64,2.185344658515632,13.484375,0.05582394078373909,False,32.862085089087486,0.25896722078323364,0.20787876844406128
E1,4,0X5D46AD1CAA0CD528.hdf5,64,0.9589852974023501,13.109375,0.05973978713154793,False,32.8929965980351,0.2616764008998871,0.20904015004634857
E1,5,0X6834D917DCB267D3.hdf5,64,3.223680115156249,14.09375,0.2327343076467514,False,33.295238461345434,0.2649969756603241,0.21082131564617157
E1,6,0X4C03123EFAA5067B.hdf5,64,9.41092845512695,13.828125,0.25972411036491394,False,33.29075950011611,0.27198442816734314,0.2153371423482895
E1,7,0X45EEBFE43C183552.hdf5,64,1.8400603400537108,12.59375,0.27594348788261414,False,33.1314175799489,0.27718985080718994,0.21560852229595184
E1,8,0X348C4CEA595CD540.hdf5,64,3.513670958227536,14.140625,0.074168860912323,False,33.80585325881839,0.27502527832984924,0.2151111215353012
E1,9,0X5A522E45FA4E6300.hdf5,64,1.186263336796877,13.390625,0.05385555699467659,False,33.85159865766764,0.2773990333080292,0.21692445874214172
E1,10,0X4695711AF5D23C2F.hdf5,64,4.278552202907715,13.953125,0.29060429334640503,False,33.85688781738281,0.27455493807792664,0.21758466958999634
E1,11,0X5295198F216052C5.hdf5,64,4.373349152114258,13.28125,0.5171996355056763,False,33.66782892122865,0.2760132849216461,0.22007812559604645
E1,12,0X46FF014B4D866466.hdf5,64,9.586117136953128,13.109375,0.16871824860572815,False,33.814809668809175,0.2765612006187439,0.21757453680038452
E1,13,0X6834D917DCB267D3.hdf5,64,2.5687747959423817,14.156249999999998,0.0817055031657219,False,33.57169049978256,0.27677497267723083,0.21747466921806335
E1,14,0X6A8AA36725720569.hdf5,63,1.3002407997851577,13.920634920634921,0.3655245900154114,False,33.64594550058246,0.2810680866241455,0.2225801646709442
E1,15,0X3F0187363675176A.hdf5,64,2.3728161027197245,13.953125,0.12550762295722961,False,34.65089977905154,0.28162306547164917,0.2218616008758545
E1,16,0X7FCC13D41D507C64.hdf5,64,4.57002570913086,13.3125,0.16890859603881836,False,34.290436774492264,0.28669819235801697,0.22868727147579193
E1,17,0X4DAC23C28ADA5AD4.hdf5,64,3.657893702006838,13.109375,0.1269657164812088,False,34.17285994067788,0.2844594120979309,0.22427305579185486
E1,18,0X4D45DB40C07ABDB4.hdf5,64,3.5502696242480454,13.40625,0.32704731822013855,False,34.20250944793224,0.28776293992996216,0.2308841198682785
E1,19,0X62288B92A04EB557.hdf5,64,2.0401821801757762,13.0,0.7232781052589417,False,34.06337157264352,0.2901226878166199,0.23048602044582367
E1,20,0X2BB4D1569CCBAAF0.hdf5,64,8.062563553862304,13.546875,0.2328733205795288,False,34.415508441627026,0.2875968813896179,0.226547509431839
E1,21,0X62288B92A04EB557.hdf5,64,8.195982045898432,12.53125,0.4093168079853058,False,34.42236239463091,0.2875595986843109,0.22768622636795044
E1,22,0X6834D917DCB267D3.hdf5,64,3.048610306196288,12.59375,0.18866048753261566,False,34.809933725744486,0.28311285376548767,0.22019033133983612
E1,23,0XDE9310288F4FBFC.hdf5,64,1.9194180415869155,13.96875,0.25975918769836426,False,34.60595824941993,0.28781139850616455,0.22245854139328003
E1,24,0X6CABFFD99D718350.hdf5,64,2.842715647993167,13.6875,0.19168131053447723,False,34.658447325229645,0.28177979588508606,0.21695266664028168
E1,25,0X42F2DEE7361EB3EA.hdf5,64,1.0815012765966827,13.578125,0.15603403747081757,False,34.52051667124033,0.28748294711112976,0.21953175961971283
E1,26,0X5D46AD1CAA0CD528.hdf5,64,0.9141359016503969,12.75,0.09486290067434311,False,34.76217280328274,0.28876227140426636,0.21926769614219666
E1,27,0X1ABE578AF99E8F3E.hdf5,64,4.962548340649413,12.109375,0.22699205577373505,False,34.295944549143314,0.2902427017688751,0.2205781489610672
E1,28,0X75F76AEBCE051CD1.hdf5,64,4.945398759960938,13.421875,0.1367662250995636,False,34.426023095846176,0.2903090715408325,0.22147046029567719
E1,29,0XC5EED498D232DC9.hdf5,64,9.490069368720704,14.40625,0.14593446254730225,False,34.16196173802018,0.28742536902427673,0.22090600430965424
E1,30,0X495E462D0A659507.hdf5,64,5.717178571396481,13.75,0.4372444748878479,False,33.8039486259222,0.28327104449272156,0.22078704833984375
E1,31,0X45EEBFE43C183552.hdf5,64,1.2598732842138674,14.812499999999998,0.18603397905826569,False,34.2134692966938,0.2911904752254486,0.22511467337608337
E1,32,0X7CE9AAE0242EF73D.hdf5,64,16.17377764679199,13.234375,0.6202489137649536,False,34.37463116645813,0.3011547029018402,0.23454654216766357
E1,33,0XC21E699429625CD.hdf5,64,3.3486154584082044,14.281250000000002,0.2088744342327118,False,34.31242134422064,0.29442131519317627,0.23163706064224243
E1,34,0X5D46AD1CAA0CD528.hdf5,64,0.7252702400293032,14.203125,0.08051269501447678,False,34.55228617787361,0.29327502846717834,0.2332182675600052
E1,35,0X5295198F216052C5.hdf5,64,1.7727307896875004,13.140625,0.5306447148323059,False,34.62071333453059,0.2995857000350952,0.24242646992206573
E1,36,0X75F76AEBCE051CD1.hdf5,64,3.7491955281494143,14.0,0.15417227149009705,False,34.744465101510286,0.2981301546096802,0.24374207854270935
E1,37,0XC21E699429625CD.hdf5,64,1.217790415683595,14.156249999999998,0.1628427505493164,False,34.63162161782384,0.3021025061607361,0.2515501081943512
E1,38,0X7FCC13D41D507C64.hdf5,64,1.1236717967773444,13.65625,0.16982005536556244,False,34.64088449254632,0.30429938435554504,0.2573844790458679
E1,39,0XC5EED498D232DC9.hdf5,64,6.590361574531251,14.1875,0.25928807258605957,False,34.76732609793544,0.30863866209983826,0.2634454667568207
E1,40,0X7AB1FC4869E885A.hdf5,64,0.7073111754028325,13.5,0.6088201403617859,False,34.6424648873508,0.31498172879219055,0.2754431664943695
E1,41,0X40A984ED6112B7E.hdf5,64,3.0962679443212906,13.59375,0.19410879909992218,False,34.716890312731266,0.30347833037376404,0.2636391520500183
E1,42,0X57115FCDFC17AD13.hdf5,64,1.397128557685548,13.671875,0.21153326332569122,False,34.67113412171602,0.29884839057922363,0.26732563972473145
E1,43,0X4C03123EFAA5067B.hdf5,64,13.062455859912106,13.1875,0.3069409132003784,False,34.39074340835214,0.3174569606781006,0.2923887073993683
E1,44,0X4DAC23C28ADA5AD4.hdf5,64,2.7939982857470724,13.953125,0.1395237296819687,False,34.445502791553736,0.29793423414230347,0.2692772150039673
E1,45,0X2BB4D1569CCBAAF0.hdf5,64,7.341356888823242,14.0,0.2675112187862396,False,34.63767613470554,0.3021688163280487,0.2848798334598541
E1,46,0X42F2DEE7361EB3EA.hdf5,64,1.770056040390628,14.890625,0.16092637181282043,False,34.74877965077758,0.2969510555267334,0.27929526567459106
E1,47,0X40A984ED6112B7E.hdf5,64,2.1922967376855453,15.031249999999998,0.24932058155536652,False,34.68065529316664,0.3019016981124878,0.29067838191986084
E1,48,0X4695711AF5D23C2F.hdf5,64,3.7028886363183595,13.765625,0.7003339529037476,False,34.73409591987729,0.30578476190567017,0.300577312707901
E1,49,0X4DAC23C28ADA5AD4.hdf5,64,2.7734389748339865,13.953125,0.11088781803846359,False,34.835326727479696,0.2984827756881714,0.2871549129486084
E1,50,0X40A984ED6112B7E.hdf5,64,3.1361506042334,14.4375,0.5212123990058899,False,34.46267507970333,0.2978857159614563,0.2850298285484314
E1,51,0X3F0187363675176A.hdf5,64,1.366504686093748,14.40625,0.1741892248392105,False,49.912920612841845,0.3023211658000946,0.2923196256160736
E1,52,0X62288B92A04EB557.hdf5,64,11.418153829345698,14.34375,0.7719504237174988,False,33.07165941223502,0.3098667562007904,0.31981080770492554
E1,53,0X62288B92A04EB557.hdf5,64,9.356548375854487,13.75,2.4482009410858154,False,33.09394712746143,0.31024378538131714,0.3248629570007324
E1,54,0X75F76AEBCE051CD1.hdf5,64,4.915356111645508,13.453125,0.21657198667526245,False,32.89051289856434,0.3032936453819275,0.3019351065158844
E1,55,0X45EEBFE43C183552.hdf5,64,0.6401511298486326,13.65625,0.24988524615764618,False,33.54263833910227,0.30608296394348145,0.3277105689048767
E1,56,0X46FF014B4D866466.hdf5,64,10.648010600087893,14.5625,0.3214622735977173,False,33.612829867750406,0.3041524291038513,0.3196353316307068
E1,57,0X4DAC23C28ADA5AD4.hdf5,64,2.8313918556933615,15.015625,0.07249268144369125,False,33.710444908589125,0.3053562045097351,0.31531548500061035
E1,58,0X348C4CEA595CD540.hdf5,64,5.140723265356442,13.34375,0.14523524045944214,False,33.535553734749556,0.3061198890209198,0.31954941153526306
E1,59,0X6834D917DCB267D3.hdf5,64,4.039176559858397,14.765625,0.1014602929353714,False,33.95674616470933,0.30418357253074646,0.3213370144367218
E1,60,0XDE9310288F4FBFC.hdf5,64,0.2330382419824204,14.265624999999998,0.25739261507987976,False,33.9691852517426,0.31053584814071655,0.35135096311569214
E1,61,0X1ABE578AF99E8F3E.hdf5,64,3.4089938057373033,14.609375000000002,0.28027352690696716,False,34.24337291717529,0.3041796088218689,0.3349916636943817
E1,62,0X3F0187363675176A.hdf5,64,1.9811649491552714,14.03125,0.17675839364528656,False,34.0886564552784,0.30463460087776184,0.3498970568180084
E1,63,0X1ABE578AF99E8F3E.hdf5,64,2.27803715595703,13.09375,0.24632617831230164,False,34.08560851216316,0.3024064600467682,0.3498593866825104
E1,64,0X6A8AA36725720569.hdf5,63,3.8332226723437515,13.555555555555555,0.7646455764770508,False,33.76550364494324,0.30400916934013367,0.3693579435348511
E1,65,0X348C4CEA595CD540.hdf5,64,3.7063951861328093,14.1875,0.2250388264656067,False,34.77453425526619,0.30569136142730713,0.35094204545021057
E1,66,0X4DAC23C28ADA5AD4.hdf5,64,2.8735595192675802,13.34375,0.16187044978141785,False,35.09414967522025,0.30497249960899353,0.35933923721313477
E1,67,0X5D46AD1CAA0CD528.hdf5,64,1.7419271156396547,14.84375,0.07798993587493896,False,34.423286750912666,0.3045419156551361,0.3729097247123718
E1,68,0X42F2DEE7361EB3EA.hdf5,64,3.2892363382421905,12.90625,0.40927842259407043,False,34.33527633175254,0.30146098136901855,0.381648987531662
E1,69,0X3D8353611168F743.hdf5,64,1.3611166008886713,13.109375,0.4692104458808899,False,34.53495862334967,0.2966257929801941,0.37984612584114075
E1,70,0X2BB4D1569CCBAAF0.hdf5,64,1.7385031137988278,12.65625,0.29122188687324524,False,35.062747444957495,0.3050803542137146,0.4110800623893738
E1,71,0X7FCC13D41D507C64.hdf5,64,2.8405716686035163,13.25,0.4332406222820282,False,34.945357114076614,0.30208390951156616,0.44424688816070557
E1,72,0X4D45DB40C07ABDB4.hdf5,64,0.7201476302294907,13.875,1.080837368965149,False,34.41096533834934,0.2994752526283264,0.440409779548645
E1,73,0X2BB4D1569CCBAAF0.hdf5,64,5.670197144560547,13.609375,0.2616042196750641,False,34.68117918819189,0.30248332023620605,0.43895262479782104
E1,74,0X62288B92A04EB557.hdf5,64,4.592031545410151,14.109375,0.4579014480113983,False,34.783815268427134,0.3015391230583191,0.455136775970459
E1,75,0X6834D917DCB267D3.hdf5,64,1.1098037723828114,14.062500000000002,0.6433160305023193,False,34.84547720849514,0.2942275404930115,0.431139200925827
E1,76,0X75F76AEBCE051CD1.hdf5,64,2.9605049611328127,13.5625,0.33158212900161743,False,35.14801222831011,0.29458245635032654,0.45498162508010864
E1,77,0X57115FCDFC17AD13.hdf5,64,1.8313975091015635,12.90625,0.2136886715888977,False,34.87806538492441,0.29787901043891907,0.48247990012168884
E1,78,0X7AB1FC4869E885A.hdf5,64,3.1190219145385747,14.046874999999998,0.2997300326824188,False,35.389802012592554,0.2944318950176239,0.513910174369812
E1,79,0X6A8AA36725720569.hdf5,63,6.175198838115236,12.031746031746032,0.9468879103660583,False,34.2246724255383,0.2956914007663727,0.5397515892982483
E1,80,0X62288B92A04EB557.hdf5,64,3.2420139978027294,12.359375,1.395328164100647,False,34.50432236120105,0.29798710346221924,0.5782606601715088
E1,81,0X7AB1FC4869E885A.hdf5,64,0.8560347776977544,12.15625,0.20733489096164703,False,34.726742781698704,0.29599180817604065,0.5532063245773315
E1,82,0X348C4CEA595CD540.hdf5,64,4.140679396337887,13.125,0.3279626667499542,False,34.37340076267719,0.2962125837802887,0.5029854774475098
E1,83,0X5295198F216052C5.hdf5,64,0.02711959889160198,12.875,0.4325787127017975,False,34.950752295553684,0.29322925209999084,0.5389928817749023
E1,84,0X45EEBFE43C183552.hdf5,64,1.931254280917969,14.34375,0.2334718108177185,False,35.1742381863296,0.2973010241985321,0.5411035418510437
E1,85,0X45DF2459DF7D77B0.hdf5,64,2.4620991945654325,12.796875,0.3886476159095764,False,34.37073625251651,0.29519954323768616,0.5235743522644043
E1,86,0XC5EED498D232DC9.hdf5,64,8.353207567573243,13.96875,0.39362332224845886,False,34.318929862231016,0.2890024781227112,0.518642246723175
E1,87,0X495E462D0A659507.hdf5,64,4.8581640602880825,14.171875000000002,0.4070720076560974,False,34.70961292460561,0.2882784903049469,0.5140944123268127
E1,88,0X6CABFFD99D718350.hdf5,64,3.60259189921387,14.046874999999998,0.1666477471590042,False,34.82309204339981,0.2912338078022003,0.4810909032821655
E1,89,0X6CABFFD99D718350.hdf5,64,1.0843385727978543,13.09375,0.4098263084888458,False,34.62403401732445,0.2911618947982788,0.4903936982154846
E1,90,0X5A522E45FA4E6300.hdf5,64,0.568322434086916,12.578125,0.41146066784858704,False,34.78190727904439,0.29611146450042725,0.5522339344024658
E1,91,0X62288B92A04EB557.hdf5,64,4.189340657958979,12.921875,0.7967351078987122,False,34.79383956640959,0.2967173755168915,0.5790907144546509
E1,92,0X45EEBFE43C183552.hdf5,64,1.2447444068261717,14.171875000000002,0.4518314003944397,False,34.812765408307314,0.29434463381767273,0.5510498881340027
E1,93,0X5295198F216052C5.hdf5,64,1.4835328679345707,14.75,0.6316649913787842,False,34.84648824855685,0.2919291853904724,0.5416207313537598
E1,94,0X5295198F216052C5.hdf5,64,4.1547689061425785,12.46875,0.43089014291763306,False,34.96791200712323,0.2925589382648468,0.5446738600730896
E1,95,0XDE9310288F4FBFC.hdf5,64,1.2051770137548843,13.359375,0.4430595636367798,False,34.713987939059734,0.29698312282562256,0.5747316479682922
E1,96,0X4DAC23C28ADA5AD4.hdf5,64,2.872981592631838,14.484374999999998,0.2214648276567459,False,34.7138467989862,0.29455846548080444,0.5541860461235046
E1,97,0X5295198F216052C5.hdf5,64,4.735012970473633,12.953125,0.4097801446914673,False,34.618789087980986,0.2918212115764618,0.5623571276664734
E1,98,0X57115FCDFC17AD13.hdf5,64,2.5906443352734385,13.203125,0.25467362999916077,False,34.881015826016665,0.2922610640525818,0.5631914734840393
E1,99,0X2BB4D1569CCBAAF0.hdf5,64,9.593247071318359,13.703125,0.6761220097541809,False,34.84383887797594,0.29220059514045715,0.5736215114593506
E1,100,0X4D45DB40C07ABDB4.hdf5,64,3.9843783583789047,14.296875,1.7699967622756958,False,34.57510992884636,0.28592053055763245,0.576779842376709
E1,101,0X5A522E45FA4E6300.hdf5,64,0.32066847290527534,13.34375,0.30911368131637573,False,49.95414074510336,0.2861493229866028,0.5743557214736938
E1,102,0X62288B92A04EB557.hdf5,64,4.141759938964839,14.265624999999998,0.6896226406097412,False,33.2308637984097,0.2858318090438843,0.6258677840232849
E1,103,0X3D8353611168F743.hdf5,64,4.475490761655273,14.500000000000002,0.24271494150161743,False,33.466969572007656,0.2781227231025696,0.561448872089386
E1,104,0X4695711AF5D23C2F.hdf5,64,0.8662320658837892,13.875,0.40943506360054016,False,33.344150114804506,0.27632880210876465,0.5951148867607117
E1,105,0X6CABFFD99D718350.hdf5,64,0.8337301285839871,14.015625,0.22211435437202454,False,33.66769600659609,0.2765088677406311,0.576816976070404
E1,106,0X4C03123EFAA5067B.hdf5,64,13.377710071337887,13.890625,0.13992875814437866,False,33.70160202309489,0.27784040570259094,0.6303290128707886
E1,107,0X1ABE578AF99E8F3E.hdf5,64,0.7688914192626939,14.4375,0.31158483028411865,False,34.00157767906785,0.2740214169025421,0.598714292049408
E1,108,0X57115FCDFC17AD13.hdf5,64,0.9606280083691416,13.625,0.7820651531219482,False,33.68260446563363,0.2783367931842804,0.5978714227676392
E1,109,0X6A8AA36725720569.hdf5,63,6.073098465800783,14.444444444444446,0.8469011783599854,False,33.224378280341625,0.27487829327583313,0.6239748597145081
E1,110,0X6A8AA36725720569.hdf5,63,1.172745987773439,15.063492063492063,0.3576512336730957,False,33.82849695160985,0.27729400992393494,0.6230478882789612
E1,111,0X2BB4D1569CCBAAF0.hdf5,64,5.35631622415039,15.375000000000002,0.18120542168617249,False,34.14644938334823,0.2838682234287262,0.6320890784263611
E1,112,0X62288B92A04EB557.hdf5,64,2.011262960205073,14.6875,0.7525070905685425,False,34.23422695323825,0.28082704544067383,0.6836479902267456
E1,113,0X2BB4D1569CCBAAF0.hdf5,64,4.270535126738281,15.0,0.14211584627628326,False,34.737219512462616,0.2905658483505249,0.625469446182251
E1,114,0XDE9310288F4FBFC.hdf5,64,1.3078749729394517,14.421875,0.17784760892391205,False,35.03735717386007,0.2904095947742462,0.6675578951835632
E1,115,0X57115FCDFC17AD13.hdf5,64,2.5517458672558604,13.21875,0.17225416004657745,False,34.546974431723356,0.298544704914093,0.6373967528343201
E1,116,0X3D8353611168F743.hdf5,64,4.5459081658300775,14.90625,0.21774892508983612,False,34.55402234941721,0.2933064103126526,0.6176290512084961
E1,117,0X6834D917DCB267D3.hdf5,64,2.8375984195996082,15.249999999999998,0.5023887157440186,False,34.4661553427577,0.3012668788433075,0.6220224499702454
E1,118,0XC21E699429625CD.hdf5,64,1.737531849941405,13.546875,0.4773065447807312,False,34.78907747939229,0.30294379591941833,0.6572084426879883
E1,119,0X6834D917DCB267D3.hdf5,64,3.4114280704785145,13.40625,0.11610449850559235,False,34.65140773355961,0.3090060353279114,0.6470497846603394
E1,120,0X40A984ED6112B7E.hdf5,64,3.152733093247072,12.71875,0.2096659243106842,False,34.917717948555946,0.30480247735977173,0.6332262754440308
E1,121,0X45EEBFE43C183552.hdf5,64,1.724295722133789,12.9375,0.2055286318063736,False,35.153530180454254,0.3199481964111328,0.6603093147277832
E1,122,0XC5EED498D232DC9.hdf5,64,7.378231981635743,12.6875,0.27521276473999023,False,34.830288361757994,0.30887287855148315,0.6678488254547119
E1,123,0X7FCC13D41D507C64.hdf5,64,4.370133665063477,12.65625,0.19862820208072662,False,34.38506209850311,0.32747307419776917,0.6876872181892395
E1,124,0X7AB1FC4869E885A.hdf5,64,1.8090491074951167,13.078125,0.3770599365234375,False,34.764969535171986,0.3245841860771179,0.6480773091316223
E1,125,0X3D8353611168F743.hdf5,64,1.2846605309423822,13.765625,0.5791653394699097,False,35.03231143578887,0.31443333625793457,0.6615395545959473
E1,126,0X5D46AD1CAA0CD528.hdf5,64,1.164603202065436,13.921875,0.22756823897361755,False,34.95870612189174,0.339098185300827,0.6558454632759094
E1,127,0X5295198F216052C5.hdf5,64,5.279723129775391,13.40625,0.4083503782749176,False,35.26875530928373,0.331241250038147,0.672139585018158
E1,128,0X3D8353611168F743.hdf5,64,3.8919393547949213,13.984375,0.8639258146286011,False,34.74550688266754,0.33225566148757935,0.6648931503295898
E1,129,0X4DAC23C28ADA5AD4.hdf5,64,2.9250274147753927,14.34375,0.11406994611024857,False,35.304611179977655,0.34948500990867615,0.6727744936943054
E1,130,0X3D8353611168F743.hdf5,64,7.055010033505859,13.375,0.43472617864608765,False,35.02908784896135,0.34499308466911316,0.6670687794685364
E1,131,0X3F0187363675176A.hdf5,64,2.963548677182615,14.671875,0.17479096353054047,False,35.15726236999035,0.3507145345211029,0.7124171853065491
E1,132,0X42F2DEE7361EB3EA.hdf5,64,5.501138956650394,12.21875,0.4011393189430237,False,35.080475095659494,0.35771679878234863,0.7283234596252441
E1,133,0X2BB4D1569CCBAAF0.hdf5,64,6.066828385405273,13.046875,0.3673420250415802,False,34.91040603816509,0.36236780881881714,0.7517957091331482
E1,134,0X45DF2459DF7D77B0.hdf5,64,0.8900986910253934,13.59375,0.07563865184783936,False,34.93377713114023,0.3691295385360718,0.7580647468566895
E1,135,0X57115FCDFC17AD13.hdf5,64,1.990012621406251,13.75,0.26307594776153564,False,34.89516672492027,0.37581098079681396,0.7471491694450378
E1,136,0X348C4CEA595CD540.hdf5,64,3.826056517309567,13.625,0.27866658568382263,False,34.835183430463076,0.3784013092517853,0.757736086845398
E1,137,0X5A522E45FA4E6300.hdf5,64,0.7415688177539081,12.875,0.23246413469314575,False,35.12614273279905,0.3838396966457367,0.793512761592865
E1,138,0XDE9310288F4FBFC.hdf5,64,0.2154023097753921,12.546875,0.4335644245147705,False,35.09506515413523,0.39424240589141846,0.8023209571838379
E1,139,0X348C4CEA595CD540.hdf5,64,6.923611677832028,12.5625,0.215546116232872,False,35.35707846656442,0.3882851302623749,0.770443320274353
E1,140,0X62288B92A04EB557.hdf5,64,2.3230496118164012,11.875,0.471121609210968,False,35.414987318217754,0.4084981381893158,0.839504599571228
E1,141,0X7AB1FC4869E885A.hdf5,64,0.6525358933837886,12.984375,0.19587217271327972,False,35.32230516150594,0.3868119716644287,0.7640052437782288
E1,142,0X45DF2459DF7D77B0.hdf5,64,2.4051934481054715,12.703125,0.13657552003860474,False,35.03561598435044,0.40624600648880005,0.7965978980064392
E1,143,0X59ADE18C22F4FF43.hdf5,64,2.2365808908837863,12.921875,0.8110531568527222,False,34.9474001377821,0.41913333535194397,0.8172069191932678
E1,144,0X7CE9AAE0242EF73D.hdf5,64,10.579480237734373,12.0625,0.9264628887176514,False,34.4148770570755,0.4195654094219208,0.8271481990814209
E1,145,0X7FCC13D41D507C64.hdf5,64,2.139046934106446,12.078125,0.454697847366333,False,35.61082696169615,0.41080594062805176,0.826862096786499
E1,146,0X3D8353611168F743.hdf5,64,5.4956972130712884,12.890625,0.23077166080474854,False,34.75679166615009,0.3854464888572693,0.7764618992805481
E1,147,0X46FF014B4D866466.hdf5,64,8.563591349599612,13.90625,0.33771422505378723,False,35.031552478671074,0.4015607535839081,0.7697545886039734
E1,148,0X7CE9AAE0242EF73D.hdf5,64,14.560561246645506,12.59375,1.6445503234863281,False,35.541244212538004,0.40710246562957764,0.8029255867004395
E1,149,0X5D46AD1CAA0CD528.hdf5,64,1.4843072578515688,11.96875,0.13751056790351868,False,35.044650591909885,0.39993616938591003,0.7494629621505737
E1,150,0X495E462D0A659507.hdf5,64,7.3773386360937465,13.609375,0.703546404838562,False,35.3557745590806,0.3822961747646332,0.7242574691772461
E1,151,0X57115FCDFC17AD13.hdf5,64,1.7752928490673838,13.796875,0.2412714809179306,False,35.028433196246624,0.39503803849220276,0.7451124787330627
E1,152,0X42F2DEE7361EB3EA.hdf5,64,1.2139017892919952,12.9375,0.1696670800447464,False,35.37688843160868,0.39261388778686523,0.7522169351577759
E1,153,0X4D45DB40C07ABDB4.hdf5,64,0.9952912125439468,12.515625,0.6648784279823303,False,34.94002291932702,0.38816672563552856,0.7660216689109802
E1,154,0X57115FCDFC17AD13.hdf5,64,2.015964006904298,12.859375,0.6845328211784363,False,35.01189384236932,0.4036952257156372,0.722919225692749
E1,155,0X6CABFFD99D718350.hdf5,64,0.530986216840823,11.765625,0.3120679557323456,False,34.8684962131083,0.3945792317390442,0.7096471786499023
E1,156,0X5A522E45FA4E6300.hdf5,64,0.6756737371875019,12.09375,0.7312629818916321,False,35.32166298478842,0.41080501675605774,0.7624041438102722
E1,157,0X45DF2459DF7D77B0.hdf5,64,2.1095067263037137,13.015625,0.2949303686618805,False,35.06850104406476,0.41721031069755554,0.7550147771835327
E1,158,0X348C4CEA595CD540.hdf5,64,4.44423583859863,12.828125,0.12606996297836304,False,34.79141279682517,0.4147282540798187,0.7209663987159729
E1,159,0X7FCC13D41D507C64.hdf5,64,3.1739514140869147,15.078125,0.5999144315719604,False,35.64701119437814,0.4269613027572632,0.7454926371574402
E1,160,0X476F7A75F09C0B5B.hdf5,64,1.7183150869824289,11.96875,0.356174498796463,False,35.423986569046974,0.4480212330818176,0.7522423267364502
E1,161,0X6834D917DCB267D3.hdf5,64,1.2564617161083973,11.953125,0.32926008105278015,False,34.91284070536494,0.425031840801239,0.7227844595909119
E1,162,0X40A984ED6112B7E.hdf5,64,3.701549774155275,13.65625,0.34831884503364563,False,35.135816749185324,0.42517656087875366,0.7281373739242554
E1,163,0X3F0187363675176A.hdf5,64,8.877304094052732,12.46875,0.34926074743270874,False,35.038162387907505,0.43955761194229126,0.752556562423706
E1,164,0X4D45DB40C07ABDB4.hdf5,64,0.04553558494140475,11.296875,1.8958587646484375,False,35.169123098254204,0.4420376420021057,0.7844992876052856
E1,165,0X5A522E45FA4E6300.hdf5,64,2.7494976660205097,12.0625,0.08427291363477707,False,35.08869022130966,0.4443192780017853,0.7732909321784973
E1,166,0X5295198F216052C5.hdf5,64,3.083708725478516,11.4375,0.5446725487709045,False,35.14443293586373,0.42571184039115906,0.7592481970787048
E1,167,0X59ADE18C22F4FF43.hdf5,64,9.840653461684568,12.578125,1.6941438913345337,False,34.96809220314026,0.43607962131500244,0.7711748480796814
E1,168,0X5A522E45FA4E6300.hdf5,64,2.1222088476611347,12.5625,0.2091452032327652,False,34.1064786054194,0.4264586269855499,0.7586981654167175
E1,169,0X4D45DB40C07ABDB4.hdf5,64,1.4598651137499985,13.609375,1.3570213317871094,False,35.118481419980526,0.4084319770336151,0.7859500050544739
E1,170,0X4695711AF5D23C2F.hdf5,64,3.1842757746850587,13.453125,0.4044319689273834,False,34.87863137573004,0.39863139390945435,0.7597008943557739
E1,171,0X75F76AEBCE051CD1.hdf5,64,3.94469494831543,13.390625,0.19908888638019562,False,34.84930572658777,0.404687762260437,0.7709242105484009
E1,172,0X3F0187363675176A.hdf5,64,2.266132371640623,13.015625,0.16246192157268524,False,35.09105736389756,0.4094533324241638,0.7706450819969177
E1,173,0XC5EED498D232DC9.hdf5,64,8.501078585029298,12.734375,0.6081682443618774,False,35.54921069741249,0.38270509243011475,0.7948226928710938
E1,174,0X42F2DEE7361EB3EA.hdf5,64,2.5197375131689483,13.328125,0.7632064819335938,False,34.99220211803913,0.4076090455055237,0.8042033314704895
E1,175,0X7CE9AAE0242EF73D.hdf5,64,10.807847089541013,11.640625,0.7307572960853577,False,34.902102030813694,0.41330650448799133,0.841001033782959
E1,176,0X62288B92A04EB557.hdf5,64,6.802980489501948,12.65625,0.8880786895751953,False,35.303273890167475,0.3971385955810547,0.8625141382217407
E1,177,0X2BB4D1569CCBAAF0.hdf5,64,5.533432618193359,12.3125,0.1941477209329605,False,34.93764663115144,0.3846522569656372,0.8464509844779968
E1,178,0X6834D917DCB267D3.hdf5,64,2.082463837080077,12.9375,0.1584199219942093,False,35.16090123727918,0.3729248642921448,0.845199465751648
E1,179,0X7AB1FC4869E885A.hdf5,64,0.5572066526977544,12.203125,0.29542914032936096,False,35.2412433065474,0.3608059287071228,0.8749121427536011
E1,180,0X59ADE18C22F4FF43.hdf5,64,7.172236484755857,11.703125,0.5425928831100464,False,35.3147577047348,0.355951726436615,0.8911203742027283
E1,181,0X5D46AD1CAA0CD528.hdf5,64,0.1716394111718813,11.90625,0.16252560913562775,False,35.18262888118625,0.36404213309288025,0.8726048469543457
E1,182,0X2BB4D1569CCBAAF0.hdf5,64,6.301325455717773,12.203125,0.34057459235191345,False,35.48338317871094,0.3545917868614197,0.8953721523284912
E1,183,0X59ADE18C22F4FF43.hdf5,64,5.646397632827146,11.640625,0.8420843482017517,False,34.785151802003384,0.34780654311180115,0.9072888493537903
E1,184,0X6834D917DCB267D3.hdf5,64,2.2597270969677723,12.59375,0.2190694957971573,False,34.66868373379111,0.3441700339317322,0.881488025188446
E1,185,0X42F2DEE7361EB3EA.hdf5,64,4.3175165964209015,10.8125,0.3319464325904846,False,35.19377330690622,0.3397204577922821,0.908407986164093
E1,186,0XDE9310288F4FBFC.hdf5,64,4.396667187094728,11.34375,0.2493196576833725,False,35.21002273634076,0.32966348528862,0.921066403388977
E1,187,0XC21E699429625CD.hdf5,64,4.247510722080079,12.3125,0.2214539498090744,False,35.17560758814216,0.3388519585132599,0.913314700126648
E1,188,0X45EEBFE43C183552.hdf5,64,2.49883948434082,12.484375,0.46100443601608276,False,34.90116760879755,0.3249088227748871,0.9168840646743774
E1,189,0X7AB1FC4869E885A.hdf5,64,0.014219738903808121,12.890625,0.3009732663631439,False,35.031372755765915,0.32324671745300293,0.9192085266113281
E1,190,0X45DF2459DF7D77B0.hdf5,64,0.08948910240234653,12.328125,0.10568872094154358,False,34.99787164106965,0.32997584342956543,0.9178085923194885
E1,191,0X45DF2459DF7D77B0.hdf5,64,0.01210224632324497,12.5625,0.06985462456941605,False,34.71166567876935,0.3305605947971344,0.9167565703392029
E1,192,0X4695711AF5D23C2F.hdf5,64,1.4621736094628908,12.640625,0.7476940751075745,False,34.84868535399437,0.3094457685947418,0.9165518283843994
E1,193,0X4D45DB40C07ABDB4.hdf5,64,1.1862101760058579,11.875,0.8524749875068665,False,35.16713032126427,0.29801106452941895,0.9376702308654785
E1,194,0X59ADE18C22F4FF43.hdf5,64,3.7455187265771457,12.3125,0.2862870693206787,False,34.89646605029702,0.31029921770095825,0.9331679344177246
E1,195,0X2BB4D1569CCBAAF0.hdf5,64,5.431038514189453,12.296875,0.09499179571866989,False,35.02163544297218,0.3256468176841736,0.9179108142852783
E1,196,0X59ADE18C22F4FF43.hdf5,64,7.230996174086911,12.4375,0.3271717429161072,False,35.234297934919596,0.31663867831230164,0.9252217411994934
E1,197,0X6834D917DCB267D3.hdf5,64,2.20165405314453,11.890625,0.23830342292785645,False,35.450993716716766,0.31904029846191406,0.8997074365615845
E1,198,0X4695711AF5D23C2F.hdf5,64,1.9071570918237306,13.4375,0.2828332185745239,False,35.30886147916317,0.30749011039733887,0.9069047570228577
E1,199,0X46FF014B4D866466.hdf5,64,7.477407801625979,13.25,0.1998293399810791,False,34.05329915508628,0.3155968189239502,0.9081451296806335
E1,200,0X45DF2459DF7D77B0.hdf5,64,2.4266072512060575,12.359375,0.16705559194087982,False,35.01197972521186,0.3297259509563446,0.9107803702354431
E2,1,0X75F76AEBCE051CD1.hdf5,64,3.5236362935302736,14.062500000000002,0.18810155987739563,False,45.95049734041095,0.25125911831855774,0.20165234804153442
E2,2,0X1ABE578AF99E8F3E.hdf5,64,4.635571564526366,14.281250000000002,0.15226392447948456,False,29.924881916493177,0.2532626986503601,0.20339399576187134
E2,3,0X476F7A75F09C0B5B.hdf5,64,1.2863235098339914,13.90625,0.09713693708181381,False,29.54740557819605,0.25461918115615845,0.20696058869361877
E2,4,0X5D46AD1CAA0CD528.hdf5,64,1.099417655190436,13.40625,0.08896558731794357,False,29.814809165894985,0.2560524642467499,0.20977787673473358
E2,5,0X6834D917DCB267D3.hdf5,64,3.0538040165234364,15.078125,0.10059205442667007,False,29.80738838016987,0.2572646737098694,0.2123345583677292
E2,6,0X4C03123EFAA5067B.hdf5,64,9.139569965136715,14.1875,0.17544567584991455,False,29.90411950275302,0.26054680347442627,0.21733906865119934
E2,7,0X45EEBFE43C183552.hdf5,64,2.211232291347656,13.453125,0.07647310942411423,False,29.87841234356165,0.26101839542388916,0.22011855244636536
E2,8,0X348C4CEA595CD540.hdf5,64,3.6734762560790983,15.0,0.11209384351968765,False,29.739470206201077,0.2604791820049286,0.22316259145736694
E2,9,0X5A522E45FA4E6300.hdf5,64,0.5214359899951191,14.09375,0.11416243761777878,False,30.026112351566553,0.26206767559051514,0.2261754423379898
E2,10,0X4695711AF5D23C2F.hdf5,64,3.281477122036133,14.984375,0.1669415980577469,False,30.0029909722507,0.26254796981811523,0.22433704137802124
E2,11,0X5295198F216052C5.hdf5,64,2.3891343693994145,13.9375,0.07361685484647751,False,29.692924361675978,0.2629782557487488,0.22496958076953888
E2,12,0X46FF014B4D866466.hdf5,64,10.878445017812503,14.500000000000002,0.1362750232219696,False,30.274969078600407,0.261400043964386,0.22440072894096375
E2,13,0X6834D917DCB267D3.hdf5,64,2.66925773661621,15.28125,0.3225277066230774,False,29.756389807909727,0.261442095041275,0.2228497415781021
E2,14,0X6A8AA36725720569.hdf5,63,0.3013203591113296,14.761904761904763,0.1980200707912445,False,29.604618690907955,0.2616560161113739,0.22544746100902557
E2,15,0X3F0187363675176A.hdf5,64,0.4020347426171895,14.578125,0.04257983714342117,False,30.32242250069976,0.2612866461277008,0.22747193276882172
E2,16,0X7FCC13D41D507C64.hdf5,64,2.022216108300782,14.03125,0.13493166863918304,False,29.569429147988558,0.2660781443119049,0.2317446768283844
E2,17,0X4DAC23C28ADA5AD4.hdf5,64,2.3691726174121115,14.156249999999998,0.15146799385547638,False,29.779807187616825,0.26212459802627563,0.23109684884548187
E2,18,0X4D45DB40C07ABDB4.hdf5,64,1.047547837749022,14.75,0.5653773546218872,False,29.93366289138794,0.2705796957015991,0.2352299839258194
E2,19,0X62288B92A04EB557.hdf5,64,2.272798604736323,14.203125,0.03089936636388302,False,29.80305789411068,0.27051615715026855,0.2400987297296524
E2,20,0X2BB4D1569CCBAAF0.hdf5,64,6.548897400908203,14.734375,0.2746405601501465,False,30.257757384330034,0.26868823170661926,0.23805442452430725
E2,21,0X62288B92A04EB557.hdf5,64,8.236970968017573,13.53125,0.8899760246276855,False,29.829592548310757,0.27863267064094543,0.24094225466251373
E2,22,0X6834D917DCB267D3.hdf5,64,1.6442180637646473,13.625,0.4491659700870514,False,29.87526823207736,0.2720072865486145,0.23798228800296783
E2,23,0XDE9310288F4FBFC.hdf5,64,0.2614380763769546,15.015625,0.012120832689106464,False,30.284299109131098,0.27760598063468933,0.24361369013786316
E2,24,0X6CABFFD99D718350.hdf5,64,2.8215593369580105,13.890625,0.12978193163871765,False,29.957167264074087,0.2786716818809509,0.23754794895648956
E2,25,0X42F2DEE7361EB3EA.hdf5,64,2.3702509714209015,14.65625,0.2441209852695465,False,29.798770405352116,0.2802327871322632,0.2405824363231659
E2,26,0X5D46AD1CAA0CD528.hdf5,64,1.072155921181647,14.40625,0.05680794641375542,False,29.915975600481033,0.28181692957878113,0.23907369375228882
E2,27,0X1ABE578AF99E8F3E.hdf5,64,3.1885100258300767,12.71875,0.01303214393556118,False,29.632507625967264,0.2875080108642578,0.2376614660024643
E2,28,0X75F76AEBCE051CD1.hdf5,64,4.282932710766602,14.1875,0.2026670277118683,False,29.79594286903739,0.2931514382362366,0.23880425095558167
E2,29,0XC5EED498D232DC9.hdf5,64,7.030867555976563,15.421875,0.813323974609375,False,29.793861098587513,0.29775744676589966,0.23671691119670868
E2,30,0X495E462D0A659507.hdf5,64,4.872001874619137,15.21875,0.09796281158924103,False,29.902676668018103,0.31607720255851746,0.23304662108421326
E2,31,0X45EEBFE43C183552.hdf5,64,1.6608132256201174,16.140625,0.43915092945098877,False,29.68889009580016,0.30998900532722473,0.23292377591133118
E2,32,0X7CE9AAE0242EF73D.hdf5,64,11.28174883819824,14.078125,0.6070058345794678,False,28.614981528371572,0.31763753294944763,0.23414035141468048
E2,33,0XC21E699429625CD.hdf5,64,3.325719645419923,15.21875,0.215387225151062,False,29.530659772455692,0.3087739646434784,0.23061950504779816
E2,34,0X5D46AD1CAA0CD528.hdf5,64,0.29359528275391256,15.515625,0.18711785972118378,False,29.870246935635805,0.30862435698509216,0.2296505868434906
E2,35,0X5295198F216052C5.hdf5,64,4.698386154677735,13.625,0.333883136510849,False,29.571790922433138,0.3172062039375305,0.22901663184165955
E2,36,0X75F76AEBCE051CD1.hdf5,64,3.891615343212891,14.765625,0.12567071616649628,False,30.053310446441174,0.31758368015289307,0.2289992868900299
E2,37,0XC21E699429625CD.hdf5,64,2.020780375400392,15.453125,0.321071594953537,False,29.929988771677017,0.31927141547203064,0.23067793250083923
E2,38,0X7FCC13D41D507C64.hdf5,64,1.6428654460693366,14.03125,0.13965849578380585,False,29.68236531689763,0.31358635425567627,0.22849386930465698
E2,39,0XC5EED498D232DC9.hdf5,64,8.309277513862305,14.500000000000002,1.2921555042266846,False,29.714897446334362,0.32158204913139343,0.2275094836950302
E2,40,0X7AB1FC4869E885A.hdf5,64,0.3769879561035161,15.4375,0.38938266038894653,False,29.985622443258762,0.3279551863670349,0.2280147522687912
E2,41,0X40A984ED6112B7E.hdf5,64,1.1577913818212906,15.265625000000002,0.40539073944091797,False,29.92954131960869,0.3274877071380615,0.22473503649234772
E2,42,0X57115FCDFC17AD13.hdf5,64,0.9711413140332041,15.109375,0.262499064207077,False,29.96010408177972,0.3241073191165924,0.2271563708782196
E2,43,0X4C03123EFAA5067B.hdf5,64,10.589204517138668,14.281250000000002,0.12594039738178253,False,29.555382318794727,0.35254064202308655,0.2322416603565216
E2,44,0X4DAC23C28ADA5AD4.hdf5,64,2.0284114327197287,15.156250000000002,0.04586901515722275,False,29.855712790042162,0.33257222175598145,0.22618575394153595
E2,45,0X2BB4D1569CCBAAF0.hdf5,64,6.412836686186523,14.734375,0.1483847200870514,False,29.656511060893536,0.3498835265636444,0.22830022871494293
E2,46,0X42F2DEE7361EB3EA.hdf5,64,1.7145006967626983,16.0,0.1100987121462822,False,29.8452980928123,0.34470850229263306,0.22638067603111267
E2,47,0X40A984ED6112B7E.hdf5,64,4.3798768463281235,16.609375,0.3930112421512604,False,30.163429733365774,0.36703306436538696,0.2257426679134369
E2,48,0X4695711AF5D23C2F.hdf5,64,5.5900651499902345,15.375000000000002,0.19183415174484253,False,30.091083239763975,0.3742437958717346,0.22663047909736633
E2,49,0X4DAC23C28ADA5AD4.hdf5,64,2.235539957500002,15.40625,0.019788576290011406,False,29.700657222419977,0.3514980673789978,0.22295694053173065
E2,50,0X40A984ED6112B7E.hdf5,64,4.479542022690431,15.421875,0.3697611391544342,False,29.88347565755248,0.35783740878105164,0.22085557878017426
E2,51,0X3F0187363675176A.hdf5,64,2.1259803941015605,15.265625000000002,0.09491866081953049,False,46.287302397191525,0.3562546968460083,0.22231535613536835
E2,52,0X62288B92A04EB557.hdf5,64,4.5881329248046825,16.5,0.4289991855621338,False,29.758260872215033,0.37553828954696655,0.2249094843864441
E2,53,0X62288B92A04EB557.hdf5,64,9.19433218933105,15.109375,0.6701175570487976,False,29.176126036792994,0.37580588459968567,0.22383978962898254
E2,54,0X75F76AEBCE051CD1.hdf5,64,4.709547472119141,15.09375,0.35090914368629456,False,29.44880674406886,0.36436590552330017,0.21787185966968536
E2,55,0X45EEBFE43C183552.hdf5,64,0.5015765296289061,14.500000000000002,0.6454839706420898,False,29.07040886580944,0.3882630467414856,0.2189672440290451
E2,56,0X46FF014B4D866466.hdf5,64,10.635246623037112,16.328125,0.30443382263183594,False,30.01679540798068,0.38359329104423523,0.21631285548210144
E2,57,0X4DAC23C28ADA5AD4.hdf5,64,2.024541422343752,16.59375,0.048637792468070984,False,30.220187824219465,0.3763158917427063,0.21570712327957153
E2,58,0X348C4CEA595CD540.hdf5,64,4.95617202634277,14.875,0.08379577100276947,False,29.702848728746176,0.3794005811214447,0.21590189635753632
E2,59,0X6834D917DCB267D3.hdf5,64,2.9436012272167957,15.812500000000002,0.23711691796779633,False,29.753841556608677,0.38700222969055176,0.215552419424057
E2,60,0XDE9310288F4FBFC.hdf5,64,0.399160091757814,15.765625,0.37357091903686523,False,29.38362691551447,0.41155144572257996,0.21915608644485474
E2,61,0X1ABE578AF99E8F3E.hdf5,64,1.1802130592773423,16.4375,0.2487698793411255,False,30.071534622460604,0.3990880846977234,0.21617402136325836
E2,62,0X3F0187363675176A.hdf5,64,0.6794700791601542,15.625,0.07474801689386368,False,29.94370996952057,0.4178667664527893,0.21863651275634766
E2,63,0X1ABE578AF99E8F3E.hdf5,64,3.560486878247069,14.109375,0.03495208919048309,False,29.47447533160448,0.41434210538864136,0.2187509834766388
E2,64,0X6A8AA36725720569.hdf5,63,3.577672287822267,15.365079365079366,0.1189255565404892,False,29.44017056748271,0.4349048435688019,0.22100646793842316
E2,65,0X348C4CEA595CD540.hdf5,64,3.3969660174316374,15.5,0.14135056734085083,False,29.987075686454773,0.42247360944747925,0.22126592695713043
E2,66,0X4DAC23C28ADA5AD4.hdf5,64,2.565251871562502,14.40625,0.11080657690763474,False,29.823602102696896,0.4238377809524536,0.22189919650554657
E2,67,0X5D46AD1CAA0CD528.hdf5,64,1.0871133491601626,15.828125,0.06362874805927277,False,29.54608976840973,0.4380951523780823,0.22413137555122375
E2,68,0X42F2DEE7361EB3EA.hdf5,64,2.055374415024417,14.421875,0.011220941320061684,False,29.955916456878185,0.44645246863365173,0.22455430030822754
E2,69,0X3D8353611168F743.hdf5,64,1.8339349755224603,14.484374999999998,0.3753888010978699,False,29.325652614235878,0.44812530279159546,0.22309361398220062
E2,70,0X2BB4D1569CCBAAF0.hdf5,64,3.278427735380859,14.812499999999998,0.38156411051750183,False,29.85354123264551,0.4576815962791443,0.2273918241262436
E2,71,0X7FCC13D41D507C64.hdf5,64,3.07319953725586,14.21875,0.2557393014431,False,29.65608824044466,0.47406816482543945,0.2296922504901886
E2,72,0X4D45DB40C07ABDB4.hdf5,64,0.413013914570314,15.875,0.6335501670837402,False,29.495732758194208,0.49395421147346497,0.22955907881259918
E2,73,0X2BB4D1569CCBAAF0.hdf5,64,5.970490113310547,14.640625,0.10677491873502731,False,29.818897929042578,0.4575098752975464,0.2305663675069809
E2,74,0X62288B92A04EB557.hdf5,64,2.0565052697753856,16.078125,0.0023862961679697037,False,30.07266664877534,0.4630822539329529,0.23226198554039001
E2,75,0X6834D917DCB267D3.hdf5,64,2.5070320133496082,15.9375,0.3177536427974701,False,30.077899515628815,0.45322364568710327,0.23060424625873566
E2,76,0X75F76AEBCE051CD1.hdf5,64,3.317335558056641,15.484375000000002,0.26879847049713135,False,29.685726530849934,0.45936664938926697,0.23538586497306824
E2,77,0X57115FCDFC17AD13.hdf5,64,2.577060198310548,15.890625,0.2123543620109558,False,29.561685625463724,0.4421030879020691,0.23517276346683502
E2,78,0X7AB1FC4869E885A.hdf5,64,2.073696635302735,15.796874999999998,0.03555139899253845,False,30.09994561597705,0.47018754482269287,0.23856669664382935
E2,79,0X6A8AA36725720569.hdf5,63,1.597844406962892,14.619047619047619,0.12446573376655579,False,29.19109059125185,0.4545716345310211,0.24049633741378784
E2,80,0X62288B92A04EB557.hdf5,64,3.3289776513671825,14.5625,0.27399712800979614,False,29.290083326399326,0.48284977674484253,0.2474242001771927
E2,81,0X7AB1FC4869E885A.hdf5,64,0.9488644819824223,14.125,0.01657557487487793,False,29.88612984493375,0.4650958180427551,0.24402865767478943
E2,82,0X348C4CEA595CD540.hdf5,64,3.663336790747067,15.234375,0.09244276583194733,False,29.79024800285697,0.43821877241134644,0.24327147006988525
E2,83,0X5295198F216052C5.hdf5,64,1.3751058954931636,15.34375,0.30376914143562317,False,29.68068950623274,0.4837234318256378,0.24917475879192352
E2,84,0X45EEBFE43C183552.hdf5,64,0.9736050499609377,16.5625,0.43870964646339417,False,30.066384229809046,0.4655475318431854,0.25157442688941956
E2,85,0X45DF2459DF7D77B0.hdf5,64,2.9671975374609403,15.015625,0.34668540954589844,False,29.447277825325727,0.441181480884552,0.251463919878006
E2,86,0XC5EED498D232DC9.hdf5,64,4.39506242597168,16.59375,0.4534817337989807,False,29.299744989722967,0.4732365310192108,0.25716137886047363
E2,87,0X495E462D0A659507.hdf5,64,4.721143949204098,16.328125,0.3548290729522705,False,29.777774073183537,0.46169355511665344,0.25895819067955017
E2,88,0X6CABFFD99D718350.hdf5,64,3.89231243449219,16.578125,0.08884468674659729,False,29.78843303397298,0.41686421632766724,0.25288963317871094
E2,89,0X6CABFFD99D718350.hdf5,64,1.0407899888134793,15.156250000000002,0.10980762541294098,False,29.627247750759125,0.4318724274635315,0.25868308544158936
E2,90,0X5A522E45FA4E6300.hdf5,64,0.8375747064160137,15.156250000000002,0.07741173356771469,False,29.97230626642704,0.4211617410182953,0.2611992061138153
E2,91,0X62288B92A04EB557.hdf5,64,4.457952565917964,15.484375000000002,0.31587791442871094,False,29.959130633622408,0.4495481252670288,0.2718273401260376
E2,92,0X45EEBFE43C183552.hdf5,64,0.9768246544531252,16.4375,0.5199304223060608,False,30.097328767180443,0.41999688744544983,0.2650066912174225
E2,93,0X5295198F216052C5.hdf5,64,0.7758760828710933,16.984375,0.8768976926803589,False,29.74929318577051,0.4345371723175049,0.26579734683036804
E2,94,0X5295198F216052C5.hdf5,64,1.51548095753418,13.59375,0.3357698917388916,False,29.387565352022648,0.4358685314655304,0.27411267161369324
E2,95,0XDE9310288F4FBFC.hdf5,64,0.629373843789061,15.906249999999998,0.12658652663230896,False,30.050476640462875,0.42818111181259155,0.28667572140693665
E2,96,0X4DAC23C28ADA5AD4.hdf5,64,1.2624316658740256,16.109375,0.09284035861492157,False,29.93133845552802,0.405205637216568,0.28299567103385925
E2,97,0X5295198F216052C5.hdf5,64,2.6939630131982426,15.09375,0.31599152088165283,False,29.62937916815281,0.4210546314716339,0.2894931435585022
E2,98,0X57115FCDFC17AD13.hdf5,64,3.421958422187501,15.203125,0.13531042635440826,False,29.91178348660469,0.4188344180583954,0.2995721995830536
E2,99,0X2BB4D1569CCBAAF0.hdf5,64,5.808777466826172,16.765625,0.3862433433532715,False,29.806832365691662,0.4162085950374603,0.30954134464263916
E2,100,0X4D45DB40C07ABDB4.hdf5,64,6.001115342631834,16.4375,0.194838747382164,False,29.874857537448406,0.4434576630592346,0.31979092955589294
E2,101,0X5A522E45FA4E6300.hdf5,64,0.21332098450195502,16.015625,0.17218385636806488,False,47.995715610682964,0.41158542037010193,0.31123822927474976
E2,102,0X62288B92A04EB557.hdf5,64,1.174879140624995,16.5625,0.007271806243807077,False,30.229734003543854,0.4183397591114044,0.3232896625995636
E2,103,0X3D8353611168F743.hdf5,64,5.145727349179687,17.3125,0.26500022411346436,False,30.756341885775328,0.3975573778152466,0.3019357919692993
E2,104,0X4695711AF5D23C2F.hdf5,64,2.297447352138672,17.078125,0.12373378127813339,False,30.859820034354925,0.42139044404029846,0.32401883602142334
E2,105,0X6CABFFD99D718350.hdf5,64,1.1120676072216824,17.46875,0.07350374758243561,False,30.11147302016616,0.39482277631759644,0.31172308325767517
E2,106,0X4C03123EFAA5067B.hdf5,64,10.6347443730957,16.859375,0.14633437991142273,False,29.936632502824068,0.3984297215938568,0.3277600407600403
E2,107,0X1ABE578AF99E8F3E.hdf5,64,0.7250319374511704,17.671875,0.2210490107536316,False,30.31934428215027,0.3989160656929016,0.32404378056526184
E2,108,0X57115FCDFC17AD13.hdf5,64,1.5940146203076182,16.484375,0.1423267275094986,False,29.886184684932232,0.388167142868042,0.32494425773620605
E2,109,0X6A8AA36725720569.hdf5,63,2.6125805825000015,16.841269841269842,0.0500643365085125,False,30.055735886096954,0.3974671959877014,0.3306334912776947
E2,110,0X6A8AA36725720569.hdf5,63,1.431706711650392,17.6984126984127,0.12099489569664001,False,29.973767541348934,0.4120415449142456,0.34274888038635254
E2,111,0X2BB4D1569CCBAAF0.hdf5,64,4.959610596708984,17.671875,0.12864987552165985,False,29.981737453490496,0.40263789892196655,0.34305569529533386
E2,112,0X62288B92A04EB557.hdf5,64,3.642713613281245,17.28125,0.46516963839530945,False,30.104176193475723,0.43099549412727356,0.3687532842159271
E2,113,0X2BB4D1569CCBAAF0.hdf5,64,2.6103140268847653,17.6875,0.02808460220694542,False,31.194962594658136,0.38985875248908997,0.3425024747848511
E2,114,0XDE9310288F4FBFC.hdf5,64,1.3139269901513657,17.671875,0.16908593475818634,False,30.32113179191947,0.4158995747566223,0.36844590306282043
E2,115,0X57115FCDFC17AD13.hdf5,64,2.7188563103710948,16.140625,0.2746931314468384,False,30.074495911598206,0.3916531801223755,0.3548480272293091
E2,116,0X3D8353611168F743.hdf5,64,5.135280800717773,17.15625,0.09527894854545593,False,29.9314227104187,0.3969038128852844,0.35204020142555237
E2,117,0X6834D917DCB267D3.hdf5,64,3.464492416791991,17.21875,0.025558244436979294,False,30.21503572911024,0.39490342140197754,0.3569541871547699
E2,118,0XC21E699429625CD.hdf5,64,1.2950803728906237,17.765625,0.23983028531074524,False,30.39347193017602,0.41638070344924927,0.37801510095596313
E2,119,0X6834D917DCB267D3.hdf5,64,4.073314285688475,16.28125,0.04666353389620781,False,30.254636347293854,0.4012826383113861,0.36624884605407715
E2,120,0X40A984ED6112B7E.hdf5,64,2.958231216416017,15.5,0.4699117839336395,False,30.2448250092566,0.4084058105945587,0.36513853073120117
E2,121,0X45EEBFE43C183552.hdf5,64,1.2916556464501951,17.3125,0.03973984345793724,False,30.717842269688845,0.4069845676422119,0.3697076439857483
E2,122,0XC5EED498D232DC9.hdf5,64,6.857695558906251,16.390625,0.8070112466812134,False,30.00349009409547,0.41945400834083557,0.37012308835983276
E2,123,0X7FCC13D41D507C64.hdf5,64,4.566018369653321,17.765625,0.16881303489208221,False,30.169950377196074,0.40465161204338074,0.36785444617271423
E2,124,0X7AB1FC4869E885A.hdf5,64,1.2589363831909175,18.140625,0.288816899061203,False,30.28282818198204,0.3850765526294708,0.3414977490901947
E2,125,0X3D8353611168F743.hdf5,64,0.5398904808935541,15.828125,0.6618008017539978,False,30.529898703098297,0.416107714176178,0.3658694326877594
E2,126,0X5D46AD1CAA0CD528.hdf5,64,0.5581140205468813,19.28125,0.25252968072891235,False,30.55593916028738,0.3875402510166168,0.35603347420692444
E2,127,0X5295198F216052C5.hdf5,64,5.310015640761719,15.640625,0.7661709189414978,False,29.80211277678609,0.40254178643226624,0.35513830184936523
E2,128,0X3D8353611168F743.hdf5,64,4.50601978387207,16.578125,0.17783965170383453,False,30.311299078166485,0.3962554335594177,0.34780824184417725
E2,129,0X4DAC23C28ADA5AD4.hdf5,64,2.5990691628222677,16.890625,0.21228592097759247,False,30.0120386518538,0.38274967670440674,0.350812703371048
E2,130,0X3D8353611168F743.hdf5,64,6.177416039365234,16.453125,0.22945256531238556,False,30.08602775633335,0.3802505135536194,0.34411779046058655
E2,131,0X3F0187363675176A.hdf5,64,2.3290634324316386,18.109375,0.2501683533191681,False,30.42715160176158,0.4027442932128906,0.36271968483924866
E2,132,0X42F2DEE7361EB3EA.hdf5,64,3.017492563828128,16.515625,0.2188401222229004,False,29.970347590744495,0.39465755224227905,0.35882115364074707
E2,133,0X2BB4D1569CCBAAF0.hdf5,64,5.918638840727539,17.59375,0.46920323371887207,False,29.67784120887518,0.4022737443447113,0.3596842288970947
E2,134,0X45DF2459DF7D77B0.hdf5,64,1.6965314150244168,15.84375,0.13739511370658875,False,30.063477527350187,0.405634343624115,0.36260923743247986
E2,135,0X57115FCDFC17AD13.hdf5,64,1.3805937523876963,17.46875,0.34075623750686646,False,30.21734433993697,0.3936173617839813,0.35245102643966675
E2,136,0X348C4CEA595CD540.hdf5,64,2.7541437518066374,19.1875,0.1436980962753296,False,30.20289609581232,0.3936460316181183,0.34782087802886963
E2,137,0X5A522E45FA4E6300.hdf5,64,0.3623206475781231,15.9375,0.1668885499238968,False,30.269484288990498,0.4107249081134796,0.35604438185691833
E2,138,0XDE9310288F4FBFC.hdf5,64,2.266874606728514,16.4375,0.242951899766922,False,30.46264259889722,0.40506380796432495,0.35553351044654846
E2,139,0X348C4CEA595CD540.hdf5,64,4.770182646459958,17.203125,0.1395958662033081,False,30.23695084452629,0.3952130675315857,0.33440878987312317
E2,140,0X62288B92A04EB557.hdf5,64,1.6738568017578075,16.171875,0.07211632281541824,False,31.094237700104713,0.42715153098106384,0.35417640209198
E2,141,0X7AB1FC4869E885A.hdf5,64,1.0611557740600581,18.046875,0.06738097220659256,False,30.489287983626127,0.3888913691043854,0.3170195519924164
E2,142,0X45DF2459DF7D77B0.hdf5,64,0.000503659287112157,17.125,0.05275644361972809,False,30.652422830462456,0.39965730905532837,0.33065807819366455
E2,143,0X59ADE18C22F4FF43.hdf5,64,2.2001314585107394,17.15625,0.09496475011110306,False,30.013669591397047,0.4023279845714569,0.3289017379283905
E2,144,0X7CE9AAE0242EF73D.hdf5,64,6.014784879458006,16.625,0.26275119185447693,False,29.728119391947985,0.40154990553855896,0.32606154680252075
E2,145,0X7FCC13D41D507C64.hdf5,64,5.5191986827636725,16.921875,0.10478221625089645,False,29.1843882240355,0.4132262170314789,0.323966383934021
E2,146,0X3D8353611168F743.hdf5,64,3.9764806755957025,17.5625,0.346502423286438,False,30.029969476163387,0.41088607907295227,0.3060046136379242
E2,147,0X46FF014B4D866466.hdf5,64,5.769504893300784,16.4375,0.6869763731956482,False,28.859826244413853,0.39884746074676514,0.3118779957294464
E2,148,0X7CE9AAE0242EF73D.hdf5,64,6.863894529116209,16.3125,0.7544146776199341,False,29.77300925180316,0.42152634263038635,0.3134455382823944
E2,149,0X5D46AD1CAA0CD528.hdf5,64,0.9792031929101626,15.890625,0.0016185210552066565,False,30.06355795264244,0.4016139507293701,0.3020985722541809
E2,150,0X495E462D0A659507.hdf5,64,4.659084546738278,17.984375,0.05846642702817917,False,29.806129530072212,0.41775354743003845,0.29416483640670776
E2,151,0X57115FCDFC17AD13.hdf5,64,2.9391016716992198,16.609375,0.24069860577583313,False,29.792240604758263,0.4253714680671692,0.2939571142196655
E2,152,0X42F2DEE7361EB3EA.hdf5,64,0.5573942972265655,16.828125,0.15744298696517944,False,30.254823714494705,0.433321088552475,0.29178187251091003
E2,153,0X4D45DB40C07ABDB4.hdf5,64,3.932493666157228,15.84375,0.17940950393676758,False,29.69370862841606,0.4553430378437042,0.29383817315101624
E2,154,0X57115FCDFC17AD13.hdf5,64,3.0225405449902354,15.734375,0.16821622848510742,False,30.15765765681863,0.4258666932582855,0.285670667886734
E2,155,0X6CABFFD99D718350.hdf5,64,2.016328242597659,15.453125,0.09682218730449677,False,29.793067578226328,0.4402637481689453,0.279680073261261
E2,156,0X5A522E45FA4E6300.hdf5,64,0.6385390618847637,15.593750000000002,0.17536093294620514,False,29.83836479485035,0.4633059799671173,0.28298327326774597
E2,157,0X45DF2459DF7D77B0.hdf5,64,0.5914040804296903,17.25,0.04061378911137581,False,30.040207769721746,0.4504440724849701,0.27773889899253845
E2,158,0X348C4CEA595CD540.hdf5,64,3.9315805804199186,16.40625,0.16808663308620453,False,30.020442068576813,0.44174009561538696,0.2691066861152649
E2,159,0X7FCC13D41D507C64.hdf5,64,2.923407819726563,17.671875,0.3335810601711273,False,30.03083286806941,0.4853188395500183,0.27334094047546387
E2,160,0X476F7A75F09C0B5B.hdf5,64,1.9297408682324289,16.765625,0.0338929146528244,False,30.184581510722637,0.4605518877506256,0.2728423774242401
E2,161,0X6834D917DCB267D3.hdf5,64,2.859208679609374,15.71875,0.10613974183797836,False,29.73161730915308,0.4552587866783142,0.26602989435195923
E2,162,0X40A984ED6112B7E.hdf5,64,5.649027114853517,16.328125,0.15284697711467743,False,29.850544698536396,0.47355979681015015,0.2645259499549866
E2,163,0X3F0187363675176A.hdf5,64,7.064380662656248,16.53125,0.4479115307331085,False,30.15974834188819,0.4843127727508545,0.27009204030036926
E2,164,0X4D45DB40C07ABDB4.hdf5,64,2.0090470108837906,16.078125,0.623769998550415,False,29.687072351574898,0.517257034778595,0.27331283688545227
E2,165,0X5A522E45FA4E6300.hdf5,64,1.102004303593752,17.625,0.0856785699725151,False,29.983704175800085,0.49865034222602844,0.27131184935569763
E2,166,0X5295198F216052C5.hdf5,64,0.9507512669824223,17.40625,0.004942246247082949,False,30.167250242084265,0.4923907220363617,0.26676109433174133
E2,167,0X59ADE18C22F4FF43.hdf5,64,7.175181431044919,17.0,0.3884263038635254,False,29.811666663736105,0.49423474073410034,0.27272430062294006
E2,168,0X5A522E45FA4E6300.hdf5,64,0.0269324639843731,15.84375,0.10155387967824936,False,29.823439866304398,0.490262508392334,0.26960447430610657
E2,169,0X4D45DB40C07ABDB4.hdf5,64,1.0405850205273453,16.359375,0.8307328224182129,False,29.746333580464125,0.5286757946014404,0.271962970495224
E2,170,0X4695711AF5D23C2F.hdf5,64,1.3168832347070314,15.078125,0.5529957413673401,False,29.443794269114733,0.465043306350708,0.2632327079772949
E2,171,0X75F76AEBCE051CD1.hdf5,64,4.068924379467774,16.28125,0.14742569625377655,False,30.046182796359062,0.4721923768520355,0.2620016932487488
E2,172,0X3F0187363675176A.hdf5,64,0.9586506058935527,16.328125,0.06627719849348068,False,29.845874790102243,0.44758155941963196,0.25915250182151794
E2,173,0XC5EED498D232DC9.hdf5,64,7.3761205466992195,15.1875,1.0364547967910767,False,29.664833281189203,0.47185078263282776,0.25620827078819275
E2,174,0X42F2DEE7361EB3EA.hdf5,64,1.685613901718753,16.203125,0.1871013343334198,False,30.214736223220825,0.44872763752937317,0.25938478112220764
E2,175,0X7CE9AAE0242EF73D.hdf5,64,7.045851773989256,17.359375,0.4383057653903961,False,30.16839163005352,0.46565714478492737,0.2671661972999573
E2,176,0X62288B92A04EB557.hdf5,64,4.160940236816401,15.265625000000002,0.5073171854019165,False,29.868062116205692,0.4648246765136719,0.2699630856513977
E2,177,0X2BB4D1569CCBAAF0.hdf5,64,5.163120881132812,14.718750000000002,0.3685801327228546,False,30.055330149829388,0.43597012758255005,0.2619769275188446
E2,178,0X6834D917DCB267D3.hdf5,64,2.036502457075194,15.21875,0.4598340094089508,False,30.02387712150812,0.42137131094932556,0.26136523485183716
E2,179,0X7AB1FC4869E885A.hdf5,64,1.2874941605957027,16.0625,0.5519022941589355,False,30.182764895260334,0.43617695569992065,0.2760106027126312
E2,180,0X59ADE18C22F4FF43.hdf5,64,5.423535389174802,15.734375,0.4358353912830353,False,30.034711435437202,0.4310375452041626,0.2818475365638733
E2,181,0X5D46AD1CAA0CD528.hdf5,64,0.037713019570318806,15.4375,0.18046320974826813,False,29.854068100452423,0.39806023240089417,0.27417463064193726
E2,182,0X2BB4D1569CCBAAF0.hdf5,64,4.29860366921875,16.171875,0.08306922763586044,False,30.20587982237339,0.4083273410797119,0.28687965869903564
E2,183,0X59ADE18C22F4FF43.hdf5,64,1.9292955820458957,15.984375,0.0020956334192305803,False,30.043805710971355,0.40802130103111267,0.29228201508522034
E2,184,0X6834D917DCB267D3.hdf5,64,3.9401832584667957,15.3125,0.31774085760116577,False,29.843151580542326,0.38582491874694824,0.2796570658683777
E2,185,0X42F2DEE7361EB3EA.hdf5,64,1.3892767740332062,14.1875,0.01810433529317379,False,30.281348258256912,0.38424763083457947,0.2899809777736664
E2,186,0XDE9310288F4FBFC.hdf5,64,2.8679177211523452,15.234375,0.1634584218263626,False,30.251679819077253,0.3963962197303772,0.3037061095237732
E2,187,0XC21E699429625CD.hdf5,64,2.1005571393164075,16.4375,0.14911237359046936,False,30.002699587494135,0.3794861435890198,0.29226061701774597
E2,188,0X45EEBFE43C183552.hdf5,64,0.1724139319726561,16.328125,0.37922558188438416,False,30.11658639088273,0.3765290677547455,0.2955450713634491
E2,189,0X7AB1FC4869E885A.hdf5,64,1.1790862303344731,17.984375,0.012914118357002735,False,30.00070782005787,0.36651119589805603,0.2924542725086212
E2,190,0X45DF2459DF7D77B0.hdf5,64,0.17598164085449497,16.546875,0.05747535824775696,False,30.25945222377777,0.365468829870224,0.2920565605163574
E2,191,0X45DF2459DF7D77B0.hdf5,64,0.3023740053564481,15.812500000000002,0.012146280147135258,False,29.826601963490248,0.35817351937294006,0.28849175572395325
E2,192,0X4695711AF5D23C2F.hdf5,64,2.586855082241211,16.25,0.3615467846393585,False,30.088527023792267,0.3574458956718445,0.2865121066570282
E2,193,0X4D45DB40C07ABDB4.hdf5,64,1.952434083476561,15.328125,0.1203235387802124,False,30.28246497735381,0.3780067563056946,0.30630141496658325
E2,194,0X59ADE18C22F4FF43.hdf5,64,3.1122408335107394,15.453125,0.5453988313674927,False,29.842141430824995,0.3589904010295868,0.3032089173793793
E2,195,0X2BB4D1569CCBAAF0.hdf5,64,5.113114014677734,15.390625,0.1639499068260193,False,29.511440459638834,0.34254834055900574,0.29555320739746094
E2,196,0X59ADE18C22F4FF43.hdf5,64,5.09701637672363,15.593750000000002,0.13616637885570526,False,29.90568071976304,0.34143519401550293,0.3031879961490631
E2,197,0X6834D917DCB267D3.hdf5,64,2.8646465305615223,15.84375,0.17431829869747162,False,29.240223675966263,0.3335077166557312,0.29182150959968567
E2,198,0X4695711AF5D23C2F.hdf5,64,1.471402315822754,17.125,0.20523042976856232,False,29.974604710936546,0.33682361245155334,0.3091425895690918
E2,199,0X46FF014B4D866466.hdf5,64,9.06496654796387,16.203125,0.016266316175460815,False,29.925923343747854,0.32865601778030396,0.29896610975265503
E2,200,0X45DF2459DF7D77B0.hdf5,64,1.423347592392581,16.984375,0.02397155947983265,False,29.87884833291173,0.3233833312988281,0.30485084652900696
